name,datetime,humidity,precip,precipcover,preciptype,sealevelpressure,temp,windspeed,windgust,winddir,cloudcover,conditions,description
uddevalla,8/1/2019,72.3,0.021,4.17,rain,1017.9,16,15.7,25.2,45.5,47.5,"Rain, Partially cloudy",Partly cloudy throughout the day with early morning rain.
uddevalla,8/2/2019,71.3,0,0,,1014.9,18.3,14.8,27.8,283.7,10.3,Clear,Clear conditions throughout the day.
uddevalla,8/3/2019,78.9,0,0,,1013.9,17.8,12.7,22.5,291.8,46.2,Partially cloudy,Partly cloudy throughout the day.
uddevalla,8/4/2019,82.3,0,0,,1012.8,16.9,14.8,23.7,254.6,73.1,Partially cloudy,Partly cloudy throughout the day.
uddevalla,8/5/2019,77.9,0.008,4.17,rain,1009.9,16.3,12.6,23.9,222.6,71.4,"Rain, Partially cloudy",Partly cloudy throughout the day with morning rain.
uddevalla,8/6/2019,88.9,6.108,54.17,rain,1004.7,16.6,23.3,36.5,220.9,69.2,"Rain, Partially cloudy",Partly cloudy throughout the day with a chance of rain throughout the day.
uddevalla,8/7/2019,86.2,1.919,29.17,rain,1003,16.5,16.3,32.4,213.6,55.2,"Rain, Partially cloudy",Partly cloudy throughout the day with rain.
uddevalla,8/8/2019,81.1,0.873,29.17,rain,1003,16.9,15,23.1,232.3,62.7,"Rain, Partially cloudy",Partly cloudy throughout the day with a chance of rain throughout the day.
uddevalla,8/9/2019,76.8,0.017,4.17,rain,1008.5,17.6,15.5,20.3,257.1,16,Rain,Clear conditions throughout the day with early morning rain.
uddevalla,8/10/2019,92.8,14.824,66.67,rain,1005.3,16.3,27.2,61.2,139.1,79.1,"Rain, Partially cloudy",Partly cloudy throughout the day with a chance of rain throughout the day.
uddevalla,8/11/2019,91.3,10.643,79.17,rain,1004.7,16.5,27.4,51.5,215,77.1,"Rain, Partially cloudy",Partly cloudy throughout the day with a chance of rain throughout the day.
uddevalla,8/12/2019,85,1.813,33.33,rain,1006.8,16.7,24.6,52.4,219.2,65.9,"Rain, Partially cloudy",Partly cloudy throughout the day with a chance of rain throughout the day.
uddevalla,8/13/2019,72.3,0,0,,1007.1,15.5,30.4,57.6,236.1,26.9,Partially cloudy,Partly cloudy throughout the day.
uddevalla,8/14/2019,67.4,0.083,4.17,rain,1009.1,14.8,26.9,53.5,248,13.6,Rain,Clear conditions throughout the day with late afternoon rain.
uddevalla,8/15/2019,81.3,0.2,12.5,rain,1009.6,14.1,24.8,45.7,161.6,55.3,"Rain, Partially cloudy",Partly cloudy throughout the day with rain in the morning and afternoon.
uddevalla,8/16/2019,84.9,0.174,20.83,rain,1009,15.4,20.4,44.2,217.4,81.8,"Rain, Partially cloudy",Partly cloudy throughout the day with a chance of rain throughout the day.
uddevalla,8/17/2019,92.3,7.287,58.33,rain,1005.9,14.6,27.3,55.3,164.8,74.4,"Rain, Partially cloudy",Partly cloudy throughout the day with rain.
uddevalla,8/18/2019,89.4,2.971,29.17,rain,1003.4,15.6,17.4,30.2,208.5,62,"Rain, Partially cloudy",Partly cloudy throughout the day with rain.
uddevalla,8/19/2019,86.4,1.212,45.83,rain,1007,15.1,22.5,47.2,218.3,49.2,"Rain, Partially cloudy",Partly cloudy throughout the day with rain.
uddevalla,8/20/2019,84.5,1.122,29.17,rain,1015.7,15.2,22.2,35.7,222.8,44.5,"Rain, Partially cloudy",Partly cloudy throughout the day with rain.
uddevalla,8/21/2019,76.1,0.139,12.5,rain,1021.9,14.7,23.3,38.8,239.2,30.4,"Rain, Partially cloudy",Partly cloudy throughout the day with rain clearing later.
uddevalla,8/22/2019,87.6,7.154,41.67,rain,1023.4,14.5,22.7,57.6,206.9,60.7,"Rain, Partially cloudy",Partly cloudy throughout the day with a chance of rain throughout the day.
uddevalla,8/23/2019,91.9,7.602,58.33,rain,1020.7,16,26.3,54.5,228.9,73,"Rain, Partially cloudy",Partly cloudy throughout the day with a chance of rain throughout the day.
uddevalla,8/24/2019,83.8,0,0,,1025.4,17.4,19.5,40.6,244.4,52.1,Partially cloudy,Partly cloudy throughout the day.
uddevalla,8/25/2019,80.9,0,0,,1024.9,17.8,13.3,19,274.7,5.6,Clear,Clear conditions throughout the day.
uddevalla,8/26/2019,72.9,0,0,,1023.6,19.2,11,14.9,42.2,3.7,Clear,Clear conditions throughout the day.
uddevalla,8/27/2019,74.4,0.207,4.17,rain,1021.7,20.2,14.2,21.6,44,23.1,"Rain, Partially cloudy",Partly cloudy throughout the day with late afternoon rain.
uddevalla,8/28/2019,93.7,22.605,62.5,rain,1015.8,18.4,11.7,51.9,75.8,50.9,"Rain, Partially cloudy",Partly cloudy throughout the day with a chance of rain throughout the day.
uddevalla,8/29/2019,91.8,0.714,33.33,rain,1013.2,18.1,18,43.2,228.5,55.3,"Rain, Partially cloudy",Partly cloudy throughout the day with rain.
uddevalla,8/30/2019,82.8,0.145,12.5,rain,1019,16.1,21.2,43.2,218.7,45.6,"Rain, Partially cloudy",Partly cloudy throughout the day with late afternoon rain.
uddevalla,8/31/2019,79,0,0,,1016.1,18.5,16.1,41.1,191.3,18,Clear,Clear conditions throughout the day.
uddevalla,9/1/2019,84.9,3.525,37.5,rain,1007.5,16.9,23.2,61.7,236.5,49.5,"Rain, Partially cloudy",Partly cloudy throughout the day with a chance of rain throughout the day.
uddevalla,9/2/2019,78.6,2.197,41.67,rain,1012.5,13.4,27.9,58.1,237.4,36.7,"Rain, Partially cloudy",Partly cloudy throughout the day with a chance of rain throughout the day.
uddevalla,9/3/2019,84.8,3.533,45.83,rain,1012.3,13.6,26.1,55,214.8,53.1,"Rain, Partially cloudy",Partly cloudy throughout the day with a chance of rain throughout the day.
uddevalla,9/4/2019,91.5,9.5,58.33,rain,1009.7,13.4,22.2,58.1,191.3,78,"Rain, Partially cloudy",Partly cloudy throughout the day with rain.
uddevalla,9/5/2019,81.7,2.551,54.17,rain,1003.9,13.2,22,49.3,237.5,49.4,"Rain, Partially cloudy",Partly cloudy throughout the day with a chance of rain throughout the day.
uddevalla,9/6/2019,83.9,1.462,41.67,rain,1012.6,12,23.4,52.9,220.5,62.6,"Rain, Partially cloudy",Partly cloudy throughout the day with a chance of rain throughout the day.
uddevalla,9/7/2019,88.9,8.479,70.83,rain,1013.4,12.8,18.2,56.5,206.9,67.7,"Rain, Partially cloudy",Partly cloudy throughout the day with a chance of rain throughout the day.
uddevalla,9/8/2019,87.4,0,0,,1020.2,12.7,14,36,33.6,44.6,Partially cloudy,Partly cloudy throughout the day.
uddevalla,9/9/2019,92.2,0.728,25,rain,1016.4,13.6,11.4,36,47.7,93.8,"Rain, Overcast",Cloudy skies throughout the day with rain.
uddevalla,9/10/2019,94.1,5.843,54.17,rain,1009.6,15.8,13.2,28.3,49.1,73.9,"Rain, Partially cloudy",Partly cloudy throughout the day with a chance of rain throughout the day.
uddevalla,9/11/2019,89.2,6.47,50,rain,1009.7,14.5,31,62.2,217.4,69.7,"Rain, Partially cloudy",Partly cloudy throughout the day with rain.
uddevalla,9/12/2019,82.5,0.86,25,rain,1015.1,14.5,30.7,55,245.3,34.9,"Rain, Partially cloudy",Partly cloudy throughout the day with rain.
uddevalla,9/13/2019,70.9,0.409,8.33,rain,1019.5,13.7,27.9,72,270,20.3,"Rain, Partially cloudy",Partly cloudy throughout the day with early morning rain.
uddevalla,9/14/2019,74.3,1.359,25,rain,1024.1,12.9,28.9,64.8,258.7,28,"Rain, Partially cloudy",Partly cloudy throughout the day with rain.
uddevalla,9/15/2019,78.8,15.424,41.67,rain,1005.4,13.2,41.8,92.6,251.2,44.4,"Rain, Partially cloudy",Clearing in the afternoon with rain clearing later.
uddevalla,9/16/2019,60.1,0,0,,1007,12.3,29.3,70.4,277.1,3,Clear,Clear conditions throughout the day.
uddevalla,9/17/2019,72.5,0.834,25,rain,1003.9,9.4,24.9,68.4,301.4,28,"Rain, Partially cloudy",Partly cloudy throughout the day with a chance of rain throughout the day.
uddevalla,9/18/2019,65.4,0,0,,1015.1,10,19.2,57.6,322.4,5.7,Clear,Clear conditions throughout the day.
uddevalla,9/19/2019,65.1,0,0,,1024,9,15,43.2,319.8,5.7,Clear,Clear conditions throughout the day.
uddevalla,9/20/2019,81.7,0.083,4.17,rain,1020.6,11.6,15.2,32.4,243.3,26.1,"Rain, Partially cloudy",Partly cloudy throughout the day with morning rain.
uddevalla,9/21/2019,77.4,0,0,,1018,14.5,11.9,25.2,248,8.2,Clear,Clear conditions throughout the day.
uddevalla,9/22/2019,91.5,0,0,,1016.4,12.7,19.1,47.8,95.7,67.5,Partially cloudy,Partly cloudy throughout the day.
uddevalla,9/23/2019,77.2,0,0,,1019.8,11.2,16.6,46.8,86,41.2,Partially cloudy,Partly cloudy throughout the day.
uddevalla,9/24/2019,87.1,0,0,,1015.4,9.1,10.5,32.4,78.5,58.7,Partially cloudy,Partly cloudy throughout the day.
uddevalla,9/25/2019,83.9,0,0,,1011.5,11.3,15,43.2,71.5,96.5,Overcast,Cloudy skies throughout the day.
uddevalla,9/26/2019,81.9,0,0,,1012.6,11.3,14.5,39.6,83.9,75.4,Partially cloudy,Partly cloudy throughout the day.
uddevalla,9/27/2019,93.2,25.209,75,rain,1006.6,11.9,25.4,50.4,110.4,87.8,"Rain, Partially cloudy",Partly cloudy throughout the day with a chance of rain throughout the day.
uddevalla,9/28/2019,95.8,4.014,54.17,rain,1003.2,12.7,21,36,128.9,79.6,"Rain, Partially cloudy",Partly cloudy throughout the day with a chance of rain throughout the day.
uddevalla,9/29/2019,93.9,6.153,58.33,rain,994.7,11.9,12.2,34.4,266.4,87.4,"Rain, Partially cloudy",Partly cloudy throughout the day with a chance of rain throughout the day.
uddevalla,9/30/2019,89.6,0.673,20.83,rain,990.2,9.4,20.1,48.3,290.1,65.9,"Rain, Partially cloudy",Partly cloudy throughout the day with rain.
uddevalla,10/1/2019,69.3,0,0,,993.9,8.2,23.2,54,262,6.6,Clear,Clear conditions throughout the day.
uddevalla,10/2/2019,85,5.006,54.17,rain,998.6,6.5,30.2,54,13.7,64.5,"Rain, Partially cloudy",Partly cloudy throughout the day with rain.
uddevalla,10/3/2019,80.2,0.474,16.67,rain,1013.5,6.2,14.9,39.1,30.9,80.4,"Rain, Partially cloudy",Partly cloudy throughout the day with rain.
uddevalla,10/4/2019,84,2.956,54.17,rain,1015.3,4.4,18.7,43.2,66,70.3,"Rain, Partially cloudy",Partly cloudy throughout the day with a chance of rain throughout the day.
uddevalla,10/5/2019,78,0.166,8.33,"rain,snow",1022.3,3.2,11,31.9,36,26.5,"Snow, Rain, Partially cloudy",Partly cloudy throughout the day with early morning snow or rain.
uddevalla,10/6/2019,72.9,0.041,4.17,rain,1025,2.7,9.8,26.7,27.8,64.1,"Rain, Partially cloudy",Partly cloudy throughout the day with early morning rain.
uddevalla,10/7/2019,74.3,0,0,,1019.8,2.7,8.8,25.2,303.4,13.6,Clear,Clear conditions throughout the day.
uddevalla,10/8/2019,93,8.558,62.5,rain,1002.1,4.4,16.2,49.3,83.5,91.9,"Rain, Overcast",Cloudy skies throughout the day with rain.
uddevalla,10/9/2019,95.8,2.781,62.5,rain,997.6,7.9,13.1,35,285.9,90,"Rain, Partially cloudy",Partly cloudy throughout the day with a chance of rain throughout the day.
uddevalla,10/10/2019,92.8,3.172,58.33,rain,999,9.4,12.2,44.2,236.9,74.8,"Rain, Partially cloudy",Partly cloudy throughout the day with a chance of rain throughout the day.
uddevalla,10/11/2019,94,3.391,66.67,rain,997.3,10.2,19.7,46.8,222.3,70.6,"Rain, Partially cloudy",Partly cloudy throughout the day with a chance of rain throughout the day.
uddevalla,10/12/2019,87.4,1.073,29.17,rain,997,10.6,29.7,52.2,237.8,64.2,"Rain, Partially cloudy",Partly cloudy throughout the day with rain in the morning and afternoon.
uddevalla,10/13/2019,87.2,2.276,25,rain,1007,10.1,26.3,51.6,230.4,34.6,"Rain, Partially cloudy",Partly cloudy throughout the day with rain.
uddevalla,10/14/2019,91.8,14.005,58.33,rain,1006.4,8.8,22.5,63.7,27,98.2,"Rain, Overcast",Cloudy skies throughout the day with a chance of rain throughout the day.
uddevalla,10/15/2019,95.1,7.67,54.17,rain,1011.6,8.6,18.2,44.2,74.5,98.8,"Rain, Overcast",Cloudy skies throughout the day with rain.
uddevalla,10/16/2019,98.6,3.32,54.17,rain,1005.8,10.5,14.2,24.7,65.2,88.4,"Rain, Partially cloudy",Partly cloudy throughout the day with a chance of rain throughout the day.
uddevalla,10/17/2019,98.4,4.676,58.33,rain,1007.4,9.5,10.5,27.2,78.5,96.3,"Rain, Overcast",Cloudy skies throughout the day with rain.
uddevalla,10/18/2019,96.9,3.824,50,rain,1006.1,9.5,14.5,45.2,113.3,83.7,"Rain, Partially cloudy",Partly cloudy throughout the day with rain.
uddevalla,10/19/2019,91.4,5.218,45.83,rain,1002.3,10.7,23.9,64.8,194.7,81.1,"Rain, Partially cloudy",Partly cloudy throughout the day with a chance of rain throughout the day.
uddevalla,10/20/2019,94.8,6.517,54.17,rain,1008.8,10.1,15.5,34.4,221.6,78.6,"Rain, Partially cloudy",Partly cloudy throughout the day with a chance of rain throughout the day.
uddevalla,10/21/2019,95.2,0,0,,1018.9,5.5,10.2,29.8,316.9,98.5,Overcast,Cloudy skies throughout the day.
uddevalla,10/22/2019,87.8,0.041,4.17,rain,1015.6,8.7,27.9,54,234.5,81.3,"Rain, Partially cloudy",Partly cloudy throughout the day with morning rain.
uddevalla,10/23/2019,83.4,0,0,,1015.4,10.9,24.6,51.4,231.4,85.5,Partially cloudy,Partly cloudy throughout the day.
uddevalla,10/24/2019,93.3,0.07,12.5,rain,1009.3,11,21.5,50.4,153.6,66.9,"Rain, Partially cloudy",Partly cloudy throughout the day with rain.
uddevalla,10/25/2019,84.4,2.9,54.17,rain,1005.9,10.4,33,71.5,225,71.9,"Rain, Partially cloudy",Partly cloudy throughout the day with a chance of rain throughout the day.
uddevalla,10/26/2019,94,16.313,83.33,rain,1002.3,6.5,24.5,83.8,359.3,94.1,"Rain, Overcast",Cloudy skies throughout the day with a chance of rain throughout the day.
uddevalla,10/27/2019,91.2,4.93,75,rain,1003.5,5.4,18.1,64.2,294.4,68.1,"Rain, Partially cloudy",Partly cloudy throughout the day with a chance of rain throughout the day.
uddevalla,10/28/2019,82.6,0.008,4.17,"rain,snow",1015.9,3.2,10.6,22.1,351.7,24.9,"Snow, Rain, Partially cloudy",Partly cloudy throughout the day with early morning snow or rain.
uddevalla,10/29/2019,73.7,0,0,,1026.1,3.6,16.4,43.2,333,9.4,Clear,Clear conditions throughout the day.
uddevalla,10/30/2019,84.6,0.058,12.5,rain,1027.1,3.1,16.7,54,252.1,48.3,"Rain, Partially cloudy",Partly cloudy throughout the day with rain in the morning and afternoon.
uddevalla,10/31/2019,83.2,0,0,,1021.9,5.2,16.3,32.4,263.4,5.7,Clear,Clear conditions throughout the day.
uddevalla,8/1/2020,73.4,0,0,,1016.9,18.3,10.5,19.2,68.9,25.5,Partially cloudy,Partly cloudy throughout the day.
uddevalla,8/2/2020,84.8,0.306,20.83,rain,1009.2,16,22.4,36.6,204.3,82.7,"Rain, Partially cloudy",Partly cloudy throughout the day with rain in the morning and afternoon.
uddevalla,8/3/2020,73.2,0,0,,1008,15.6,24.3,40.3,236.1,36.5,Partially cloudy,Partly cloudy throughout the day.
uddevalla,8/4/2020,72.3,0,0,,1010.4,14.5,21.5,35.8,229.4,21,Partially cloudy,Partly cloudy throughout the day.
uddevalla,8/5/2020,90.8,3.538,70.83,rain,1013,13.2,24.4,47,184.9,77.6,"Rain, Partially cloudy",Partly cloudy throughout the day with rain.
uddevalla,8/6/2020,77.9,2.469,45.83,rain,1019.9,19.7,16.2,28.1,201.7,77.1,"Rain, Partially cloudy",Partly cloudy throughout the day with rain.
uddevalla,8/7/2020,64.9,0,0,,1023.5,21.7,15.4,25.8,176.3,45.7,Partially cloudy,Partly cloudy throughout the day.
uddevalla,8/8/2020,65.7,0,0,,1022.3,21.1,12,17.3,222.9,38,Partially cloudy,Partly cloudy throughout the day.
uddevalla,8/9/2020,72.9,0,0,,1020.7,20.3,9.5,15,298.9,7.9,Clear,Clear conditions throughout the day.
uddevalla,8/10/2020,81.3,0,0,,1021.7,18.6,15.6,24.8,50.3,63,Partially cloudy,Partly cloudy throughout the day.
uddevalla,8/11/2020,73.8,0.523,25,rain,1024.8,19.2,10.6,20,81.9,63.8,"Rain, Partially cloudy",Partly cloudy throughout the day with rain clearing later.
uddevalla,8/12/2020,73.6,0,0,,1022.9,19.2,13.8,21.3,234.9,27.3,Partially cloudy,Partly cloudy throughout the day.
uddevalla,8/13/2020,69.7,0,0,,1017.9,19.3,15.4,22.4,231,27.9,Partially cloudy,Partly cloudy throughout the day.
uddevalla,8/14/2020,69,0,0,,1014.7,19.9,16.2,23,226.9,20,Clear,Partly cloudy throughout the day.
uddevalla,8/15/2020,75.5,0,0,,1015.8,19.2,12.7,20.6,264.2,23,Partially cloudy,Clearing in the afternoon.
uddevalla,8/16/2020,72.5,0,0,,1016.1,19.9,11,17.9,306.8,5.2,Clear,Clear conditions throughout the day.
uddevalla,8/17/2020,70,0,0,,1013.2,20.7,13.5,17.9,26.5,28.8,Partially cloudy,Partly cloudy throughout the day.
uddevalla,8/18/2020,67.8,0.31,8.33,rain,1009.2,21.2,14,17.5,15.5,47.2,"Rain, Partially cloudy",Becoming cloudy in the afternoon with late afternoon rain.
uddevalla,8/19/2020,85.4,2.31,29.17,rain,1008.8,18.8,9.6,22.2,215.9,67.6,"Rain, Partially cloudy",Partly cloudy throughout the day with rain in the morning and afternoon.
uddevalla,8/20/2020,83.7,2.928,33.33,rain,1009.9,18.7,18.5,28.4,170.9,61.9,"Rain, Partially cloudy",Partly cloudy throughout the day with rain.
uddevalla,8/21/2020,90.7,5.182,37.5,rain,1009.3,18.6,23.7,45.8,149,85.3,"Rain, Partially cloudy",Partly cloudy throughout the day with rain.
uddevalla,8/22/2020,86.7,5.462,41.67,rain,1005.7,17.5,21.2,49.5,207.7,57.6,"Rain, Partially cloudy",Partly cloudy throughout the day with rain.
uddevalla,8/23/2020,83.2,4.664,45.83,rain,1003.2,16,26.6,54,227.2,62.9,"Rain, Partially cloudy",Partly cloudy throughout the day with a chance of rain throughout the day.
uddevalla,8/24/2020,66.7,0,0,,1005.9,14,22.6,37,255.5,38.4,Partially cloudy,Partly cloudy throughout the day.
uddevalla,8/25/2020,68.9,0.017,4.17,rain,1006.8,12.9,18.2,30.4,231.3,29.6,"Rain, Partially cloudy",Partly cloudy throughout the day with morning rain.
uddevalla,8/26/2020,82.1,1.43,41.67,rain,1001.5,12.7,16.6,40.3,70.4,93.5,"Rain, Overcast",Cloudy skies throughout the day with a chance of rain throughout the day.
uddevalla,8/27/2020,72.5,0,0,,1008.6,14.7,9.6,18.2,348,67.2,Partially cloudy,Partly cloudy throughout the day.
uddevalla,8/28/2020,79.6,2.51,25,rain,1007.9,13.1,17.2,29.7,99.4,57.9,"Rain, Partially cloudy",Becoming cloudy in the afternoon with rain.
uddevalla,8/29/2020,85.5,1.284,54.17,rain,1004.7,13.7,19.4,37,47.6,92.2,"Rain, Overcast",Cloudy skies throughout the day with a chance of rain throughout the day.
uddevalla,8/30/2020,84.7,1.19,29.17,rain,1009.5,13.4,14.4,21,347.7,58.7,"Rain, Partially cloudy",Partly cloudy throughout the day with a chance of rain throughout the day.
uddevalla,8/31/2020,71.1,0,0,,1017.2,12.2,15.8,25.6,354.4,13,Clear,Clear conditions throughout the day.
uddevalla,9/1/2020,78.3,0,0,,1022.3,12.5,15.6,23.1,20.2,9.1,Clear,Clear conditions throughout the day.
uddevalla,9/2/2020,76.8,0,0,,1021.2,13.6,15.5,25.1,41.5,48.8,Partially cloudy,Partly cloudy throughout the day.
uddevalla,9/3/2020,81,0.165,12.5,rain,1013.9,13.9,14.8,27.2,215.9,63.3,"Rain, Partially cloudy",Partly cloudy throughout the day with late afternoon rain.
uddevalla,9/4/2020,78.8,1.55,41.67,rain,1009.1,15.4,29.6,47.9,226.3,77.9,"Rain, Partially cloudy",Partly cloudy throughout the day with a chance of rain throughout the day.
uddevalla,9/5/2020,84.4,5.958,75,rain,1006.6,12.8,23.5,47.6,222.7,63.3,"Rain, Partially cloudy",Partly cloudy throughout the day with a chance of rain throughout the day.
uddevalla,9/6/2020,75.4,2.449,29.17,rain,1007.9,13.1,25.8,43.4,238.2,49.3,"Rain, Partially cloudy",Partly cloudy throughout the day with a chance of rain throughout the day.
uddevalla,9/7/2020,77.6,0.419,8.33,rain,1014,11.9,27.2,41,239.9,43.9,"Rain, Partially cloudy",Partly cloudy throughout the day with rain.
uddevalla,9/8/2020,80.5,2.245,37.5,rain,1010.3,14.8,31.9,55.1,243.8,75.9,"Rain, Partially cloudy",Partly cloudy throughout the day with rain clearing later.
uddevalla,9/9/2020,81.5,7.925,33.33,rain,1006.9,14.9,32.5,61.9,242.9,67.7,"Rain, Partially cloudy",Partly cloudy throughout the day with a chance of rain throughout the day.
uddevalla,9/10/2020,61.8,0,0,,1012,12.1,22.3,47.4,273.7,21.7,Partially cloudy,Partly cloudy throughout the day.
uddevalla,9/11/2020,80.7,0.609,33.33,rain,1012.2,12.1,22.8,47.8,210.4,90,"Rain, Partially cloudy",Partly cloudy throughout the day with rain.
uddevalla,9/12/2020,85.5,6.333,54.17,rain,1007.2,13.4,32,62.7,228.3,69.1,"Rain, Partially cloudy",Partly cloudy throughout the day with a chance of rain throughout the day.
uddevalla,9/13/2020,86.1,3.689,62.5,rain,1012.8,13.3,27.1,54.2,231,81.2,"Rain, Partially cloudy",Partly cloudy throughout the day with rain.
uddevalla,9/14/2020,87,0.008,4.17,rain,1019.7,16.3,27.2,48.2,233.1,64.6,"Rain, Partially cloudy",Partly cloudy throughout the day with early morning rain.
uddevalla,9/15/2020,89.1,0,0,,1020.7,15.1,13.3,26.1,218.2,49.1,Partially cloudy,Partly cloudy throughout the day.
uddevalla,9/16/2020,74.4,0,0,,1016.8,13.7,25.4,50.8,312.3,62.6,Partially cloudy,Partly cloudy throughout the day.
uddevalla,9/17/2020,64.1,0,0,,1029.6,9.4,19.5,44.2,314.9,16.6,Clear,Clear conditions throughout the day.
uddevalla,9/18/2020,82,0,0,,1025.8,12.2,20.1,30.8,229.9,18.4,Clear,Clear conditions throughout the day.
uddevalla,9/19/2020,92.9,0,0,,1024.1,12.3,8.2,16.7,122.8,92.8,Overcast,Cloudy skies throughout the day.
uddevalla,9/20/2020,88.3,0,0,,1021.2,12.8,15.5,25,227.4,89.4,Partially cloudy,Partly cloudy throughout the day.
uddevalla,9/21/2020,86.5,0,0,,1015.4,13.4,25.5,43.4,222.5,94.5,Overcast,Cloudy skies throughout the day.
uddevalla,9/22/2020,78.3,0,0,,1008.3,13.5,24.4,42.6,222.5,91.1,Overcast,Cloudy skies throughout the day.
uddevalla,9/23/2020,80.6,0,0,,1001.3,14.1,18.9,30.3,183.3,61.6,Partially cloudy,Partly cloudy throughout the day.
uddevalla,9/24/2020,79.5,0.595,29.17,rain,997.4,14.2,32.6,54,182.2,71.6,"Rain, Partially cloudy",Partly cloudy throughout the day with a chance of rain throughout the day.
uddevalla,9/25/2020,85.2,12.95,33.33,rain,1000.8,11.9,25.8,47.4,71.5,68.1,"Rain, Partially cloudy",Partly cloudy throughout the day with rain.
uddevalla,9/26/2020,94.4,21.578,62.5,rain,999.4,12.6,28.6,46.1,41.3,98,"Rain, Overcast",Cloudy skies throughout the day with a chance of rain throughout the day.
uddevalla,9/27/2020,93.9,0,0,,1011.2,12.7,27,45.8,38.1,99.9,Overcast,Cloudy skies throughout the day.
uddevalla,9/28/2020,91.8,0.551,8.33,rain,1013.8,12.6,18,35.9,51.4,98.9,"Rain, Overcast",Cloudy skies throughout the day with late afternoon rain.
uddevalla,9/29/2020,86.1,2.404,25,rain,1015.9,13.3,11.6,22.5,177.3,80.9,"Rain, Partially cloudy",Partly cloudy throughout the day with early morning rain.
uddevalla,9/30/2020,88,0,0,,1016.9,12,17.2,31.5,141.4,83.1,Partially cloudy,Partly cloudy throughout the day.
uddevalla,10/1/2020,89.1,0.082,8.33,rain,1013.4,11.3,20.6,34.4,72.3,81.4,"Rain, Partially cloudy",Partly cloudy throughout the day with late afternoon rain.
uddevalla,10/2/2020,83.4,0,0,,1011.3,13.9,28.7,45.9,62.8,73.1,Partially cloudy,Partly cloudy throughout the day.
uddevalla,10/3/2020,85.7,0.124,8.33,rain,1008.3,13.4,26.4,50.6,62.4,96.2,"Rain, Overcast",Cloudy skies throughout the day with late afternoon rain.
uddevalla,10/4/2020,91.6,18.634,45.83,rain,998,13.9,30.3,55.6,79.4,98.1,"Rain, Overcast",Cloudy skies throughout the day with rain.
uddevalla,10/5/2020,88.2,0.524,8.33,rain,1005.2,11.9,17.2,26.8,128.8,43.2,"Rain, Partially cloudy",Partly cloudy throughout the day with early morning rain.
uddevalla,10/6/2020,92.1,4.924,62.5,rain,997.2,11.9,13.9,29.1,140.1,84.6,"Rain, Partially cloudy",Partly cloudy throughout the day with a chance of rain throughout the day.
uddevalla,10/7/2020,91.6,5.41,66.67,rain,999.9,12,14.7,24.9,161.2,94.5,"Rain, Overcast",Cloudy skies throughout the day with a chance of rain throughout the day.
uddevalla,10/8/2020,91.2,12.643,87.5,rain,1005,11.5,18.8,31.3,200.1,88.3,"Rain, Partially cloudy",Partly cloudy throughout the day with a chance of rain throughout the day.
uddevalla,10/9/2020,79.9,2.017,33.33,rain,1007.5,10.5,30.3,47.9,228.8,48,"Rain, Partially cloudy",Partly cloudy throughout the day with rain.
uddevalla,10/10/2020,91.7,10.53,83.33,rain,1009,8.4,14.9,24.9,168.6,88,"Rain, Partially cloudy",Partly cloudy throughout the day with a chance of rain throughout the day.
uddevalla,10/11/2020,90.7,2.907,50,rain,1011.3,7.4,10.4,20,227.4,72.1,"Rain, Partially cloudy",Partly cloudy throughout the day with a chance of rain throughout the day.
uddevalla,10/12/2020,87.5,0.397,25,rain,1012.8,8,12.9,18.9,218.3,57.2,"Rain, Partially cloudy",Partly cloudy throughout the day with rain clearing later.
uddevalla,10/13/2020,86.9,0,0,,1019.2,6.5,16.3,24.8,48.8,63.7,Partially cloudy,Partly cloudy throughout the day.
uddevalla,10/14/2020,76.7,0,0,,1025.7,6.7,24.6,47.9,35.9,78.8,Partially cloudy,Partly cloudy throughout the day.
uddevalla,10/15/2020,76.9,0,0,,1024.7,6.5,20.2,39.1,22.1,51.8,Partially cloudy,Partly cloudy throughout the day.
uddevalla,10/16/2020,82.8,0.017,4.17,rain,1024.6,5.8,16.3,28.1,17.2,45.8,"Rain, Partially cloudy",Partly cloudy throughout the day with afternoon rain.
uddevalla,10/17/2020,89.1,0.038,8.33,rain,1017.1,5.1,20.9,36.4,221.8,44.4,"Rain, Partially cloudy",Becoming cloudy in the afternoon with rain.
uddevalla,10/18/2020,60.3,0,0,,1010.1,5.5,24.6,46,316.8,18.6,Clear,Clear conditions throughout the day.
uddevalla,10/19/2020,71.7,0,0,,1015.1,2.7,8.8,20.5,321.9,45,Partially cloudy,Partly cloudy throughout the day.
uddevalla,10/20/2020,90.6,5.336,83.33,"rain,snow",1011.5,6.2,19.3,41.1,124,97.4,"Snow, Rain, Overcast",Cloudy skies throughout the day with a chance of rain or snow throughout the day.
uddevalla,10/21/2020,95.7,6.014,75,rain,1001.4,10.6,16.2,31.5,170.7,99.7,"Rain, Overcast",Cloudy skies throughout the day with a chance of rain throughout the day.
uddevalla,10/22/2020,93.6,16.463,91.67,rain,995.5,11.3,22.3,45,234.2,97.5,"Rain, Overcast",Cloudy skies throughout the day with a chance of rain throughout the day.
uddevalla,10/23/2020,90.6,1.971,25,rain,1001.9,8.3,21.8,49.5,266.8,93.8,"Rain, Overcast",Cloudy skies throughout the day with rain clearing later.
uddevalla,10/24/2020,88.7,2.982,29.17,rain,1002.8,9,20.8,44.9,212.4,86.2,"Rain, Partially cloudy",Partly cloudy throughout the day with rain.
uddevalla,10/25/2020,93.1,9.552,62.5,rain,999.1,10.9,26.5,56.8,175.7,97.1,"Rain, Overcast",Cloudy skies throughout the day with a chance of rain throughout the day.
uddevalla,10/26/2020,93.3,4.912,66.67,rain,999.2,9.7,15.2,31.8,146.6,90.5,"Rain, Overcast",Cloudy skies throughout the day with a chance of rain throughout the day.
uddevalla,10/27/2020,92,2.737,62.5,rain,998.7,8.3,24,62.2,174.6,78.6,"Rain, Partially cloudy",Partly cloudy throughout the day with a chance of rain throughout the day.
uddevalla,10/28/2020,88.1,3.094,54.17,rain,998.4,9.2,22.9,46.9,186.2,73.1,"Rain, Partially cloudy",Partly cloudy throughout the day with a chance of rain throughout the day.
uddevalla,10/29/2020,91.9,1.121,54.17,rain,1004,7.5,28.9,28.4,189.2,57.4,"Rain, Partially cloudy",Partly cloudy throughout the day with a chance of rain throughout the day.
uddevalla,10/30/2020,95.5,0.723,8.33,rain,1012.4,6.1,14.7,34.5,125,86.6,"Rain, Partially cloudy",Partly cloudy throughout the day with late afternoon rain.
uddevalla,10/31/2020,91.7,2.074,41.67,rain,1015.9,9.2,15.7,41.2,172.8,70.7,"Rain, Partially cloudy",Partly cloudy throughout the day with rain.
uddevalla,8/1/2021,72.7,1.365,8.33,rain,997.9,15.4,27.7,51.6,222.6,59.6,"Rain, Partially cloudy",Partly cloudy throughout the day with rain in the morning and afternoon.
uddevalla,8/2/2021,78.4,0.458,37.5,rain,1003.5,13.4,23.6,35.6,1,61.9,"Rain, Partially cloudy",Partly cloudy throughout the day with rain clearing later.
uddevalla,8/3/2021,70.8,1.324,8.33,rain,1010.1,14.4,11.5,23.7,59.7,77.2,"Rain, Partially cloudy",Partly cloudy throughout the day with late afternoon rain.
uddevalla,8/4/2021,74.6,3.269,16.67,rain,1013.5,14.9,18.4,27.7,314.9,29.4,"Rain, Partially cloudy",Partly cloudy throughout the day with rain.
uddevalla,8/5/2021,75,0,0,,1013.5,15.7,12.4,20.9,18.5,32.9,Partially cloudy,Partly cloudy throughout the day.
uddevalla,8/6/2021,67.6,0,0,,1010.3,17.6,20.3,37,108.3,25.8,Partially cloudy,Partly cloudy throughout the day.
uddevalla,8/7/2021,73.2,2.559,12.5,rain,1005.6,16.2,15.7,29.7,56.4,60.5,"Rain, Partially cloudy",Partly cloudy throughout the day with late afternoon rain.
uddevalla,8/8/2021,88.8,4.813,29.17,rain,1003.5,15.1,10.4,23.6,116.1,60.7,"Rain, Partially cloudy",Partly cloudy throughout the day with rain.
uddevalla,8/9/2021,81,4.364,37.5,rain,1010.1,17.3,21.8,36.9,211.7,71.9,"Rain, Partially cloudy",Partly cloudy throughout the day with a chance of rain throughout the day.
uddevalla,8/10/2021,87.1,7.069,54.17,rain,1012.9,15.7,14.4,33.5,189.6,69.6,"Rain, Partially cloudy",Partly cloudy throughout the day with a chance of rain throughout the day.
uddevalla,8/11/2021,84.2,1.516,25,rain,1014,15.9,17.3,27.8,227.6,66.3,"Rain, Partially cloudy",Partly cloudy throughout the day with a chance of rain throughout the day.
uddevalla,8/12/2021,80.9,0.008,4.17,rain,1017.9,16.8,17.2,28.9,218.9,59.5,"Rain, Partially cloudy",Partly cloudy throughout the day with afternoon rain.
uddevalla,8/13/2021,85.9,5.749,29.17,rain,1014.9,16.8,19.1,34.3,209.5,76.2,"Rain, Partially cloudy",Partly cloudy throughout the day with rain.
uddevalla,8/14/2021,78.3,4.355,45.83,rain,1008.7,15.6,34,55.9,239.6,53.8,"Rain, Partially cloudy",Partly cloudy throughout the day with rain.
uddevalla,8/15/2021,72.3,0.132,20.83,rain,1004.4,16,27.2,51.9,252.9,54.3,"Rain, Partially cloudy",Partly cloudy throughout the day with rain.
uddevalla,8/16/2021,87.5,5.57,70.83,rain,1001.7,13.7,11.8,19,26.5,83,"Rain, Partially cloudy",Partly cloudy throughout the day with a chance of rain throughout the day.
uddevalla,8/17/2021,92.4,35.148,91.67,rain,998.8,13.9,25.5,47,346.9,94.2,"Rain, Overcast",Cloudy skies throughout the day with a chance of rain throughout the day.
uddevalla,8/18/2021,79.5,3.088,58.33,rain,996.3,15.5,20.6,47,282.3,67.2,"Rain, Partially cloudy",Becoming cloudy in the afternoon with rain.
uddevalla,8/19/2021,68.7,0.01,4.17,rain,999.8,15.5,18.8,29.1,265.6,44.6,"Rain, Partially cloudy",Partly cloudy throughout the day with early morning rain.
uddevalla,8/20/2021,74.3,0.124,8.33,rain,1008,14,18.6,33.6,258.6,31,"Rain, Partially cloudy",Partly cloudy throughout the day with late afternoon rain.
uddevalla,8/21/2021,71.1,0,0,,1016.6,14.5,12.7,21.1,303.7,32.8,Partially cloudy,Partly cloudy throughout the day.
uddevalla,8/22/2021,76.3,0,0,,1020.5,14.3,9.1,20.6,352.1,12.1,Clear,Clear conditions throughout the day.
uddevalla,8/23/2021,69.4,0,0,,1025.7,15,11.3,19.1,359.6,7.6,Clear,Clear conditions throughout the day.
uddevalla,8/24/2021,75.4,0.041,4.17,rain,1026.7,15.6,22.7,39.1,238.8,44.3,"Rain, Partially cloudy",Partly cloudy throughout the day with late afternoon rain.
uddevalla,8/25/2021,66.4,0.039,4.17,rain,1010.9,17.3,27.1,56.9,324.7,59.5,"Rain, Partially cloudy",Clearing in the afternoon with morning rain.
uddevalla,8/26/2021,68.7,0.305,33.33,rain,1011.5,13.4,31.6,60.3,14.9,95.7,"Rain, Overcast",Cloudy skies throughout the day with rain.
uddevalla,8/27/2021,84.6,2.691,41.67,rain,1019.4,13.9,29.9,55.6,35.8,92.1,"Rain, Overcast",Cloudy skies throughout the day with a chance of rain throughout the day.
uddevalla,8/28/2021,80,0.171,20.83,rain,1021.9,14.2,24.4,44,33.7,96,"Rain, Overcast",Cloudy skies throughout the day with rain.
uddevalla,8/29/2021,77.7,0,0,,1021.5,15.8,18.2,34.5,40.5,55.2,Partially cloudy,Partly cloudy throughout the day.
uddevalla,8/30/2021,78.5,0,0,,1022.8,14.8,15.5,31.1,24.4,5.9,Clear,Clear conditions throughout the day.
uddevalla,8/31/2021,78.8,0,0,,1022.7,14.8,15.7,29.8,12.9,2.2,Clear,Clear conditions throughout the day.
uddevalla,9/1/2021,66.2,0,0,,1024.3,15.1,12.5,25.2,320.7,21.9,Partially cloudy,Clearing in the afternoon.
uddevalla,9/2/2021,78.9,0,0,,1023.3,14.6,23.2,36.1,255.8,30,Partially cloudy,Clearing in the afternoon.
uddevalla,9/3/2021,68.1,0,0,,1017.5,14.2,15,24.8,26.5,21.2,Partially cloudy,Partly cloudy throughout the day.
uddevalla,9/4/2021,65.2,0,0,,1022.5,12.1,13.3,22.8,43.3,53.2,Partially cloudy,Clearing in the afternoon.
uddevalla,9/5/2021,70.2,0,0,,1025.9,12.5,18,25.9,228.6,83.7,Partially cloudy,Partly cloudy throughout the day.
uddevalla,9/6/2021,76.7,0,0,,1023.9,13.4,19.7,31.8,222.2,60.1,Partially cloudy,Becoming cloudy in the afternoon.
uddevalla,9/7/2021,87.1,0,0,,1020.8,14.6,24.2,38,229.1,69.9,Partially cloudy,Partly cloudy throughout the day.
uddevalla,9/8/2021,83.5,0,0,,1016.3,17.2,26.8,41.2,236,67,Partially cloudy,Partly cloudy throughout the day.
uddevalla,9/9/2021,82.7,0,0,,1012.9,17.2,20.5,30,222.6,26.3,Partially cloudy,Partly cloudy throughout the day.
uddevalla,9/10/2021,81.8,0.241,8.33,rain,1012.4,16.7,12.3,17.8,128.6,21.5,"Rain, Partially cloudy",Partly cloudy throughout the day with late afternoon rain.
uddevalla,9/11/2021,94.1,14.867,87.5,rain,1010.8,16.3,10.3,18.7,218.5,91.5,"Rain, Overcast",Cloudy skies throughout the day with a chance of rain throughout the day.
uddevalla,9/12/2021,90.9,2.298,50,rain,1007.6,16.5,20.2,40.9,235.8,95.5,"Rain, Overcast",Cloudy skies throughout the day with rain.
uddevalla,9/13/2021,75.1,0.132,16.67,rain,1015,13.5,15.2,26.4,25.2,37,"Rain, Partially cloudy",Clearing in the afternoon with early morning rain.
uddevalla,9/14/2021,84.3,0,0,,1017.7,12.6,12.1,21.7,195.1,57.9,Partially cloudy,Partly cloudy throughout the day.
uddevalla,9/15/2021,86.2,0,0,,1017.2,13.5,18,27.2,75.8,61.6,Partially cloudy,Partly cloudy throughout the day.
uddevalla,9/16/2021,91.5,29.52,100,rain,1013.7,10.8,25.6,48.2,59.9,95.6,"Rain, Overcast",Cloudy skies throughout the day with a chance of rain throughout the day.
uddevalla,9/17/2021,88.3,7.249,54.17,rain,1016.8,9.7,26.8,47.9,47.7,96.9,"Rain, Overcast",Cloudy skies throughout the day with rain.
uddevalla,9/18/2021,77.8,0.008,4.17,rain,1022.9,10.4,16.4,30.7,69.3,98.6,"Rain, Overcast",Cloudy skies throughout the day with early morning rain.
uddevalla,9/19/2021,72.7,0,0,,1025.2,9.7,14.6,26.8,61.4,99.2,Overcast,Cloudy skies throughout the day.
uddevalla,9/20/2021,76.2,0.297,20.83,rain,1026.2,9,13.1,21.9,58.9,98.5,"Rain, Overcast",Cloudy skies throughout the day with rain clearing later.
uddevalla,9/21/2021,89.9,3.301,37.5,rain,1022.5,9.3,17.8,33.6,200,80.9,"Rain, Partially cloudy",Partly cloudy throughout the day with a chance of rain throughout the day.
uddevalla,9/22/2021,89.8,0,0,,1019.1,11.8,23.3,37.7,223.7,81.2,Partially cloudy,Partly cloudy throughout the day.
uddevalla,9/23/2021,89.2,14.516,83.33,rain,998.6,12,23.9,60.5,254.2,81.1,"Rain, Partially cloudy",Partly cloudy throughout the day with a chance of rain throughout the day.
uddevalla,9/24/2021,82,0.497,12.5,rain,1000.7,10.9,27.5,47.6,255.1,48.7,"Rain, Partially cloudy",Becoming cloudy in the afternoon with afternoon rain.
uddevalla,9/25/2021,72.2,0,0,,1006.9,12.9,26.5,56.8,270.9,3,Clear,Clear conditions throughout the day.
uddevalla,9/26/2021,89.8,0,0,,1019.3,10.8,12.7,19.4,150.4,39.9,Partially cloudy,Partly cloudy throughout the day.
uddevalla,9/27/2021,86.3,4.002,37.5,rain,1018.8,13.4,26.9,41.1,118.6,85.8,"Rain, Partially cloudy",Partly cloudy throughout the day with rain.
uddevalla,9/28/2021,89,12.932,62.5,rain,1019.7,12.7,24.5,41.1,177.3,65.5,"Rain, Partially cloudy",Partly cloudy throughout the day with a chance of rain throughout the day.
uddevalla,9/29/2021,93.9,3.441,37.5,rain,1019.1,11.7,18.7,35.7,101.4,90.6,"Rain, Overcast",Cloudy skies throughout the day with rain.
uddevalla,9/30/2021,89.2,9.888,83.33,rain,1013.2,11.4,21.8,36,94.4,95.7,"Rain, Overcast",Cloudy skies throughout the day with a chance of rain throughout the day.
uddevalla,10/1/2021,92.4,16.425,91.67,rain,1012.2,11.4,31.4,60.5,179.2,96.5,"Rain, Overcast",Cloudy skies throughout the day with a chance of rain throughout the day.
uddevalla,10/2/2021,91.8,10.929,95.83,rain,1010,11.7,23.4,46.5,159.9,95.7,"Rain, Overcast",Cloudy skies throughout the day with a chance of rain throughout the day.
uddevalla,10/3/2021,93.1,19.056,83.33,rain,1001.4,13.4,28,58.6,149.5,97,"Rain, Overcast",Cloudy skies throughout the day with a chance of rain throughout the day.
uddevalla,10/4/2021,91.7,3.398,41.67,rain,1010.9,12.2,19.6,43.5,193.9,83.6,"Rain, Partially cloudy",Partly cloudy throughout the day with rain.
uddevalla,10/5/2021,90.1,5.171,20.83,rain,1013.2,11.8,16.8,35.5,132.2,62,"Rain, Partially cloudy",Partly cloudy throughout the day with late afternoon rain.
uddevalla,10/6/2021,94.2,6.279,79.17,rain,1010.8,12,18.8,32.8,201.2,94.2,"Rain, Overcast",Cloudy skies throughout the day with a chance of rain throughout the day.
uddevalla,10/7/2021,89.6,0.288,25,rain,1026.7,12.2,18.8,32.7,210.1,85.3,"Rain, Partially cloudy",Partly cloudy throughout the day with a chance of rain throughout the day.
uddevalla,10/8/2021,89.7,0,0,,1033.7,11.8,17.2,27.4,208.1,86.5,Partially cloudy,Partly cloudy throughout the day.
uddevalla,10/9/2021,87.3,0.01,4.17,rain,1033.7,11.6,16.1,29.1,217.3,97.4,"Rain, Overcast",Cloudy skies throughout the day with early morning rain.
uddevalla,10/10/2021,84.2,0.478,16.67,rain,1024.3,10.6,23.1,42.1,207.7,77.3,"Rain, Partially cloudy",Partly cloudy throughout the day with late afternoon rain.
uddevalla,10/11/2021,76.4,0.859,25,rain,1011.1,10,19.9,37.8,271.6,39.8,"Rain, Partially cloudy",Partly cloudy throughout the day with rain.
uddevalla,10/12/2021,73.2,0.102,12.5,rain,1012.4,6.7,20.4,34.1,334.1,34.3,"Rain, Partially cloudy",Partly cloudy throughout the day with early morning rain.
uddevalla,10/13/2021,74.4,0,0,,1016.5,5.7,10.9,19.1,301.7,45.9,Partially cloudy,Partly cloudy throughout the day.
uddevalla,10/14/2021,84.8,0.025,8.33,rain,1007.9,10.5,26.4,48.4,233.1,81.4,"Rain, Partially cloudy",Partly cloudy throughout the day with morning rain.
uddevalla,10/15/2021,68,2.418,25,rain,1000.6,9.6,27.8,48.3,280.1,34.8,"Rain, Partially cloudy",Partly cloudy throughout the day with rain.
uddevalla,10/16/2021,72.6,0,0,,1008.2,9.4,29.4,55.3,264.8,49.2,Partially cloudy,Partly cloudy throughout the day.
uddevalla,10/17/2021,72.3,0.02,4.17,"rain,snow",1013.1,6.1,13,31.3,304.4,26.1,"Snow, Rain, Partially cloudy",Clearing in the afternoon with late afternoon rain or snow.
uddevalla,10/18/2021,76.1,0,0,,1022.3,2.9,9.9,19.1,70.2,26.5,Partially cloudy,Partly cloudy throughout the day.
uddevalla,10/19/2021,92.3,7.285,91.67,rain,1013.3,7.1,20.4,35.9,152.6,97.4,"Rain, Overcast",Cloudy skies throughout the day with a chance of rain throughout the day.
uddevalla,10/20/2021,91.4,4.705,70.83,rain,989.3,12.6,32.6,55.7,229.2,91.6,"Rain, Overcast",Cloudy skies throughout the day with a chance of rain throughout the day.
uddevalla,10/21/2021,72,0.384,20.83,rain,980.4,9.1,27.4,52.6,260.9,42,"Rain, Partially cloudy",Partly cloudy throughout the day with rain clearing later.
uddevalla,10/22/2021,57.8,0,0,,991.4,6.7,23.4,58.6,281.7,10.2,Clear,Clear conditions throughout the day.
uddevalla,10/23/2021,62.7,0,0,,1015.3,5.8,20.9,44.6,315.2,8.1,Clear,Clear conditions throughout the day.
uddevalla,10/24/2021,84.7,0.122,20.83,rain,1021.2,8.3,22.5,42.5,206.7,86.2,"Rain, Partially cloudy",Partly cloudy throughout the day with a chance of rain throughout the day.
uddevalla,10/25/2021,88.7,1.107,29.17,rain,1013.8,8.2,20.8,37.9,192.9,73.9,"Rain, Partially cloudy",Partly cloudy throughout the day with rain.
uddevalla,10/26/2021,88.6,3.361,29.17,rain,1009.9,9.4,22.9,40.6,226.8,54.4,"Rain, Partially cloudy",Clearing in the afternoon with rain clearing later.
uddevalla,10/27/2021,94.6,6.893,79.17,rain,1007.2,11.1,29.1,49.8,225.8,96.1,"Rain, Overcast",Cloudy skies throughout the day with a chance of rain throughout the day.
uddevalla,10/28/2021,92.8,2.459,50,rain,1011.3,12.1,30.1,46.8,212.9,93.6,"Rain, Overcast",Cloudy skies throughout the day with a chance of rain throughout the day.
uddevalla,10/29/2021,90.9,0,0,,1008.7,9.9,19.6,42.5,179,60.1,Partially cloudy,Partly cloudy throughout the day.
uddevalla,10/30/2021,91.5,0.645,29.17,rain,1006.5,9.4,15.9,33.7,161.6,69.2,"Rain, Partially cloudy",Partly cloudy throughout the day with rain.
uddevalla,10/31/2021,90.1,2.76,16.67,rain,1003.6,9.4,18.9,33.5,172.9,65.6,"Rain, Partially cloudy",Partly cloudy throughout the day with rain clearing later.
uddevalla,8/1/2022,76.4,3.015,37.5,rain,1010.7,17.3,21.9,38.5,227.1,57.7,"Rain, Partially cloudy",Partly cloudy throughout the day with rain clearing later.
uddevalla,8/2/2022,80.6,2.909,25,rain,1013.1,14.7,21,37.6,201.7,59.3,"Rain, Partially cloudy",Partly cloudy throughout the day with late afternoon rain.
uddevalla,8/3/2022,93.2,11.891,91.67,rain,1010.3,17.9,23.2,38.1,207.3,93.3,"Rain, Overcast",Cloudy skies throughout the day with a chance of rain throughout the day.
uddevalla,8/4/2022,86.6,10.805,45.83,rain,1012.2,18.2,17.1,34.3,206.3,64.6,"Rain, Partially cloudy",Partly cloudy throughout the day with a chance of rain throughout the day.
uddevalla,8/5/2022,79,0,0,,1011.4,15.8,22.1,35.5,227.7,61.7,Partially cloudy,Partly cloudy throughout the day.
uddevalla,8/6/2022,66,0,0,,1015.6,15.1,24.9,45.6,250.5,19.6,Clear,Clear conditions throughout the day.
uddevalla,8/7/2022,76.8,0.163,16.67,rain,1020.5,14.4,21.3,34.9,237.5,60.3,"Rain, Partially cloudy",Partly cloudy throughout the day with rain.
uddevalla,8/8/2022,77.5,0.231,29.17,rain,1023.2,15.9,15.9,25.2,232.8,70,"Rain, Partially cloudy",Partly cloudy throughout the day with a chance of rain throughout the day.
uddevalla,8/9/2022,77.4,0,0,,1027.7,15.1,15.4,23.4,218.1,34.5,Partially cloudy,Partly cloudy throughout the day.
uddevalla,8/10/2022,81.6,0,0,,1026.1,17.1,23.5,42.8,224.8,52.2,Partially cloudy,Partly cloudy throughout the day.
uddevalla,8/11/2022,72.2,19.437,4.17,rain,1023.3,18.8,20.1,33.1,234.8,1.1,Rain,Clear conditions throughout the day with afternoon rain.
uddevalla,8/12/2022,67.2,0,0,,1022.4,19.2,14.7,24.7,222.7,2,Clear,Clear conditions throughout the day.
uddevalla,8/13/2022,65,0,0,,1020.5,19.8,13.7,22.5,232.9,2.9,Clear,Clear conditions throughout the day.
uddevalla,8/14/2022,69.1,0,0,,1015.6,20.6,10.2,17.1,14.6,17.6,Clear,Clear conditions throughout the day.
uddevalla,8/15/2022,78.4,12.134,29.17,rain,1009.8,20.1,13.8,36.4,62.7,48.9,"Rain, Partially cloudy",Partly cloudy throughout the day with rain.
uddevalla,8/16/2022,89.9,6.262,33.33,rain,1006.9,19.9,12.6,22.8,78,54.7,"Rain, Partially cloudy",Partly cloudy throughout the day with rain.
uddevalla,8/17/2022,83.7,0,0,,1010.8,19.5,18.5,29,221.5,72,Partially cloudy,Partly cloudy throughout the day.
uddevalla,8/18/2022,86.7,0.564,20.83,rain,1013.4,18.8,11.1,19.3,88.9,73.5,"Rain, Partially cloudy",Partly cloudy throughout the day with rain.
uddevalla,8/19/2022,84.9,0.716,16.67,rain,1011.9,19.5,10.5,20.1,4.1,82.3,"Rain, Partially cloudy",Partly cloudy throughout the day with late afternoon rain.
uddevalla,8/20/2022,76.9,1.13,20.83,rain,1011.3,18,24.9,40.6,254.7,51.5,"Rain, Partially cloudy",Partly cloudy throughout the day with early morning rain.
uddevalla,8/21/2022,78.9,1.022,16.67,rain,1012.1,16.2,22.1,41.2,213.4,27.6,"Rain, Partially cloudy",Becoming cloudy in the afternoon with rain.
uddevalla,8/22/2022,69,0,0,,1017,15.2,14.7,28.6,244.9,35.9,Partially cloudy,Partly cloudy throughout the day.
uddevalla,8/23/2022,73.9,0,0,,1021.1,15.3,7.3,14.4,2.5,36,Partially cloudy,Partly cloudy throughout the day.
uddevalla,8/24/2022,71.7,0,0,,1023.6,17.2,13.1,16.6,39.7,13.8,Clear,Clear conditions throughout the day.
uddevalla,8/25/2022,69.6,0,0,,1023.4,18.1,12.1,19.4,66.3,13.9,Clear,Clear conditions throughout the day.
uddevalla,8/26/2022,80.8,0.01,4.17,rain,1017.3,17.6,15.7,16.6,102.7,68.9,"Rain, Partially cloudy",Partly cloudy throughout the day with afternoon rain.
uddevalla,8/27/2022,92.2,1.989,29.17,rain,1014,17.4,9.3,12.2,46.9,75.2,"Rain, Partially cloudy",Partly cloudy throughout the day with rain.
uddevalla,8/28/2022,90.1,0.272,20.83,rain,1015.6,15.9,22,35.6,31.9,90.3,"Rain, Overcast",Cloudy skies throughout the day with rain.
uddevalla,8/29/2022,68.2,0,0,,1022,14,21.4,32.2,27.5,22.9,Partially cloudy,Partly cloudy throughout the day.
uddevalla,8/30/2022,69.8,0,0,,1025.6,13.1,15.9,26.5,17.9,32.6,Partially cloudy,Partly cloudy throughout the day.
uddevalla,8/31/2022,68.5,19.437,4.17,rain,1027.3,13.6,12.4,21.7,8.2,49.1,"Rain, Partially cloudy",Partly cloudy throughout the day with afternoon rain.
uddevalla,9/1/2022,69,0,0,,1025.4,12.5,12.6,19.4,20.7,12.7,Clear,Clear conditions throughout the day.
uddevalla,9/2/2022,68,0,0,,1024.4,12.2,12.5,18.8,114.2,40.9,Partially cloudy,Partly cloudy throughout the day.
uddevalla,9/3/2022,73.1,0.256,12.5,rain,1023.8,13.3,12.5,19.3,176.6,71.1,"Rain, Partially cloudy",Partly cloudy throughout the day with late afternoon rain.
uddevalla,9/4/2022,79.9,0.06,4.17,rain,1027.3,13.9,14.7,21.2,49.2,61.1,"Rain, Partially cloudy",Partly cloudy throughout the day with morning rain.
uddevalla,9/5/2022,76.8,0,0,,1030.5,13.4,16.7,25.2,60.3,28.6,Partially cloudy,Partly cloudy throughout the day.
uddevalla,9/6/2022,73.7,0,0,,1026.2,12.5,6.7,25.2,156.5,25.1,Partially cloudy,Partly cloudy throughout the day.
uddevalla,9/7/2022,73.7,0,0,,1020.5,12.5,17.8,28.8,83.6,41.4,Partially cloudy,Partly cloudy throughout the day.
uddevalla,9/8/2022,68.2,0,0,,1020,13.4,24.9,43.2,83.6,56.5,Partially cloudy,Partly cloudy throughout the day.
uddevalla,9/9/2022,78.1,2.211,33.33,rain,1015.6,12.9,30.4,39,64.7,73.4,"Rain, Partially cloudy",Partly cloudy throughout the day with rain.
uddevalla,9/10/2022,83.8,2.273,8.33,rain,1015.9,13.8,17.2,35.3,61.7,97.1,"Rain, Overcast",Cloudy skies throughout the day with rain clearing later.
uddevalla,9/11/2022,78.9,0,0,,1017.3,12.9,14.7,21.6,4.4,42.6,Partially cloudy,Partly cloudy throughout the day.
uddevalla,9/12/2022,82.6,0,0,,1013.8,13.4,20,28.8,182.7,70.2,Partially cloudy,Partly cloudy throughout the day.
uddevalla,9/13/2022,85,17.473,62.5,rain,997.5,14,30.6,50.4,208.8,84.3,"Rain, Partially cloudy",Partly cloudy throughout the day with a chance of rain throughout the day.
uddevalla,9/14/2022,73.8,0.01,4.17,rain,994.7,13.9,23,39.6,257.1,45,"Rain, Partially cloudy",Partly cloudy throughout the day with early morning rain.
uddevalla,9/15/2022,73.4,21.028,20.83,rain,991.8,12.6,24,32.4,269.8,66.6,"Rain, Partially cloudy",Partly cloudy throughout the day with a chance of rain throughout the day.
uddevalla,9/16/2022,70.2,19.538,8.33,rain,993.5,12.7,19.1,32.4,321.7,65.5,"Rain, Partially cloudy",Partly cloudy throughout the day with rain.
uddevalla,9/17/2022,65.6,0,0,,999,12.1,22.4,36.4,322.9,25.5,Partially cloudy,Partly cloudy throughout the day.
uddevalla,9/18/2022,77.7,0.342,8.33,rain,1002.6,11.3,17.4,29.5,0.2,50,"Rain, Partially cloudy",Clearing in the afternoon with rain.
uddevalla,9/19/2022,68.2,0,0,,1010.4,10.9,20.8,30.4,347.8,46.3,Partially cloudy,Partly cloudy throughout the day.
uddevalla,9/20/2022,71,0.02,4.17,rain,1018.8,10.1,17.4,22.4,3.3,30,"Rain, Partially cloudy",Partly cloudy throughout the day with early morning rain.
uddevalla,9/21/2022,80.9,0,0,,1024.2,8.3,15.3,31.7,220.1,25.3,Partially cloudy,Partly cloudy throughout the day.
uddevalla,9/22/2022,83.3,0,0,,1021.8,9.7,22.8,36.7,205.8,62.1,Partially cloudy,Partly cloudy throughout the day.
uddevalla,9/23/2022,82.4,0.041,4.17,rain,1015.4,11.5,18.1,31.7,185.8,89,"Rain, Partially cloudy",Partly cloudy throughout the day with morning rain.
uddevalla,9/24/2022,90.6,2.817,4.17,rain,1012.4,11.7,10.7,20.9,138.4,96.1,"Rain, Overcast",Cloudy skies throughout the day with morning rain.
uddevalla,9/25/2022,89.8,4.317,4.17,rain,1009.3,10.7,13.7,25.6,193.7,83.1,"Rain, Partially cloudy",Partly cloudy throughout the day with morning rain.
uddevalla,9/26/2022,91.9,3.751,4.17,rain,996.7,10.4,22.8,38.5,151.1,94.8,"Rain, Overcast",Cloudy skies throughout the day with morning rain.
uddevalla,9/27/2022,86.3,8.055,4.17,rain,994.9,11.4,22.1,39.6,113.5,92.3,"Rain, Overcast",Cloudy skies throughout the day with morning rain.
uddevalla,9/28/2022,79.2,5.761,4.17,rain,998.7,12.5,32.3,54.7,61,72.1,"Rain, Partially cloudy",Partly cloudy throughout the day with morning rain.
uddevalla,9/29/2022,78.4,0.199,4.17,rain,1004.4,9.8,26,46.1,45.7,48,"Rain, Partially cloudy",Partly cloudy throughout the day with morning rain.
uddevalla,9/30/2022,86.3,0.02,4.17,rain,1007.8,7.6,14.6,26.6,134.3,57,"Rain, Partially cloudy",Partly cloudy throughout the day with morning rain.
uddevalla,10/1/2022,88.5,2.703,4.17,rain,1000.7,10.2,21.7,37.4,144.4,73.8,"Rain, Partially cloudy",Becoming cloudy in the afternoon with morning rain.
uddevalla,10/2/2022,91.8,3.239,4.17,rain,1003.8,10.3,17.5,27.4,345.5,96,"Rain, Overcast",Cloudy skies throughout the day with morning rain.
uddevalla,10/3/2022,84.6,0.574,4.17,rain,1015.3,9,16.9,26.3,291.1,46.6,"Rain, Partially cloudy",Clearing in the afternoon with morning rain.
uddevalla,10/4/2022,90,0,0,,1014.2,9.4,20.4,42.5,199.6,69.5,Partially cloudy,Partly cloudy throughout the day.
uddevalla,10/5/2022,93.8,2.025,8.33,rain,1004.2,13.9,36.8,64.3,204.5,97.8,"Rain, Overcast",Cloudy skies throughout the day with rain.
uddevalla,10/6/2022,81.4,13.222,50,rain,1007.6,12.6,38.7,67.3,234.2,69.9,"Rain, Partially cloudy",Partly cloudy throughout the day with a chance of rain throughout the day.
uddevalla,10/7/2022,84.3,2.311,25,rain,1010.4,13.6,37.6,60.7,216.8,90.2,"Rain, Overcast",Cloudy skies throughout the day with a chance of rain throughout the day.
uddevalla,10/8/2022,84.4,8.554,33.33,rain,1006.7,10,24.7,46.3,230.3,29.7,"Rain, Partially cloudy",Becoming cloudy in the afternoon with a chance of rain throughout the day.
uddevalla,10/9/2022,84.1,0.079,8.33,rain,1017.9,8.5,23.9,36,207.1,35.2,"Rain, Partially cloudy",Becoming cloudy in the afternoon with rain.
uddevalla,10/10/2022,83.6,57.167,12.5,rain,1011.6,11,28.4,58.6,186.2,78.1,"Rain, Partially cloudy",Partly cloudy throughout the day with late afternoon rain.
uddevalla,10/11/2022,72.6,0.343,8.33,rain,1013.1,9.4,32,57.6,258.4,18.8,Rain,Clear conditions throughout the day with rain clearing later.
uddevalla,10/12/2022,88,0.03,4.17,rain,1020.1,7.5,22.6,34.4,197.1,55.2,"Rain, Partially cloudy",Partly cloudy throughout the day with morning rain.
uddevalla,10/13/2022,83.8,0.248,8.33,rain,1014.8,10.8,22.3,37,182.6,81.9,"Rain, Partially cloudy",Partly cloudy throughout the day with rain.
uddevalla,10/14/2022,82.1,0.1,4.17,rain,1009.9,10,16.5,34.4,197.3,77.7,"Rain, Partially cloudy",Partly cloudy throughout the day with early morning rain.
uddevalla,10/15/2022,86,1.631,12.5,rain,1003.1,11,25.8,46.8,178.4,71,"Rain, Partially cloudy",Partly cloudy throughout the day with morning rain.
uddevalla,10/16/2022,87.1,9.386,16.67,rain,1004,10.4,31.3,73,215.8,70.1,"Rain, Partially cloudy",Partly cloudy throughout the day with a chance of rain throughout the day.
uddevalla,10/17/2022,88.4,6.237,37.5,rain,1016.5,9.5,18.4,36.7,198,70.3,"Rain, Partially cloudy",Partly cloudy throughout the day with rain.
uddevalla,10/18/2022,90.6,6.932,29.17,rain,1017.1,10.3,21.1,42.7,278.4,81.1,"Rain, Partially cloudy",Partly cloudy throughout the day with rain in the morning and afternoon.
uddevalla,10/19/2022,78.2,2.532,4.17,rain,1027,4.8,16,26.2,314.6,0.3,Rain,Clear conditions throughout the day with morning rain.
uddevalla,10/20/2022,84.9,0,0,,1023.2,5.1,15,28.8,165.9,60.1,Partially cloudy,Partly cloudy throughout the day.
uddevalla,10/21/2022,87.1,0,0,,1013.7,6.5,16.7,31.9,75.3,95.6,Overcast,Cloudy skies throughout the day.
uddevalla,10/22/2022,95.9,4.445,41.67,rain,1010.1,8.3,10.5,18.5,38.4,99.7,"Rain, Overcast",Cloudy skies throughout the day with rain clearing later.
uddevalla,10/23/2022,97.3,1.135,41.67,rain,1011.1,9.4,10.7,25.7,109.4,99.9,"Rain, Overcast",Cloudy skies throughout the day with a chance of rain throughout the day.
uddevalla,10/24/2022,95.1,2.111,16.67,rain,1005.9,9.9,15.1,36.7,92,95.3,"Rain, Overcast",Cloudy skies throughout the day with rain.
uddevalla,10/25/2022,93,13.292,33.33,rain,1002.9,11.7,24.9,51.4,217.6,95.7,"Rain, Overcast",Cloudy skies throughout the day with a chance of rain throughout the day.
uddevalla,10/26/2022,87.4,0.98,4.17,rain,1012.7,11.1,18.9,48.3,227.3,94.8,"Rain, Overcast",Cloudy skies throughout the day with morning rain.
uddevalla,10/27/2022,90.8,0.05,4.17,rain,1017.2,12.8,18.1,40.1,202.1,92.2,"Rain, Overcast",Cloudy skies throughout the day with early morning rain.
uddevalla,10/28/2022,95.9,3.883,45.83,rain,1013.6,12.8,18.1,34.4,202.3,99.5,"Rain, Overcast",Cloudy skies throughout the day with a chance of rain throughout the day.
uddevalla,10/29/2022,87.1,1.374,12.5,rain,1011.1,12.1,33.4,51.4,237.1,57.1,"Rain, Partially cloudy",Becoming cloudy in the afternoon with rain clearing later.
uddevalla,10/30/2022,91.9,0,0,,1015.6,10.7,11.5,34.4,182.7,80.8,Partially cloudy,Partly cloudy throughout the day.
uddevalla,10/31/2022,90.6,0.416,16.67,rain,1017.1,12.4,17.4,27.2,209.8,89.5,"Rain, Partially cloudy",Partly cloudy throughout the day with rain clearing later.
uddevalla,8/1/2023,83.8,6.571,4.17,rain,995,83.8,6.571,4.17,rain,995,"Rain, Partially cloudy",Partly cloudy throughout the day with morning rain.
uddevalla,8/2/2023,84.9,5.932,4.17,rain,993.5,84.9,5.932,4.17,rain,993.5,"Rain, Partially cloudy",Partly cloudy throughout the day with morning rain.
uddevalla,8/3/2023,86.6,2.571,4.17,rain,993.3,86.6,2.571,4.17,rain,993.3,"Rain, Partially cloudy",Partly cloudy throughout the day with morning rain.
uddevalla,8/4/2023,81.1,1.856,4.17,rain,1001.6,81.1,1.856,4.17,rain,1001.6,"Rain, Partially cloudy",Partly cloudy throughout the day with morning rain.
uddevalla,8/5/2023,80.9,1.392,4.17,rain,1009.4,80.9,1.392,4.17,rain,1009.4,"Rain, Partially cloudy",Partly cloudy throughout the day with morning rain.
uddevalla,8/6/2023,83.1,0.041,4.17,rain,1009.5,83.1,0.041,4.17,rain,1009.5,"Rain, Partially cloudy",Partly cloudy throughout the day with morning rain.
uddevalla,8/7/2023,92.5,21.311,4.17,rain,991.7,92.5,21.311,4.17,rain,991.7,"Rain, Overcast",Cloudy skies throughout the day with morning rain.
uddevalla,8/8/2023,91.1,11.847,4.17,rain,984.6,91.1,11.847,4.17,rain,984.6,"Rain, Overcast",Cloudy skies throughout the day with morning rain.
uddevalla,8/9/2023,91.9,8.581,4.17,rain,996.8,91.9,8.581,4.17,rain,996.8,"Rain, Overcast",Cloudy skies throughout the day with morning rain.
uddevalla,8/10/2023,82.3,3.647,4.17,rain,1010.4,82.3,3.647,4.17,rain,1010.4,"Rain, Overcast",Cloudy skies throughout the day with morning rain.
uddevalla,8/11/2023,79.7,0.102,4.17,rain,1016.3,79.7,0.102,4.17,rain,1016.3,"Rain, Partially cloudy",Partly cloudy throughout the day with morning rain.
uddevalla,8/12/2023,82.3,1.544,4.17,rain,1014.4,82.3,1.544,4.17,rain,1014.4,"Rain, Partially cloudy",Partly cloudy throughout the day with morning rain.
uddevalla,8/13/2023,88.3,6.372,4.17,rain,1012.1,88.3,6.372,4.17,rain,1012.1,"Rain, Partially cloudy",Partly cloudy throughout the day with morning rain.
uddevalla,8/14/2023,82.7,1.324,4.17,rain,1015.1,82.7,1.324,4.17,rain,1015.1,"Rain, Partially cloudy",Partly cloudy throughout the day with morning rain.
uddevalla,8/15/2023,86.5,0.111,4.17,rain,1013.7,86.5,0.111,4.17,rain,1013.7,"Rain, Partially cloudy",Partly cloudy throughout the day with morning rain.
uddevalla,8/16/2023,86.1,3.096,4.17,rain,1016.5,86.1,3.096,4.17,rain,1016.5,"Rain, Partially cloudy",Partly cloudy throughout the day with morning rain.
uddevalla,8/17/2023,84.4,1.198,4.17,rain,1024,84.4,1.198,4.17,rain,1024,"Rain, Partially cloudy",Partly cloudy throughout the day with morning rain.
uddevalla,8/18/2023,87,0.017,4.17,rain,1025.3,87,0.017,4.17,rain,1025.3,"Rain, Partially cloudy",Partly cloudy throughout the day with morning rain.
uddevalla,8/19/2023,81.4,0.203,4.17,rain,1022.1,81.4,0.203,4.17,rain,1022.1,"Rain, Overcast",Cloudy skies throughout the day with morning rain.
uddevalla,8/20/2023,86.8,20.173,4.17,rain,1018.7,86.8,20.173,4.17,rain,1018.7,"Rain, Partially cloudy",Partly cloudy throughout the day with morning rain.
uddevalla,8/21/2023,82.5,0.526,4.17,rain,1017.6,82.5,0.526,4.17,rain,1017.6,"Rain, Partially cloudy",Partly cloudy throughout the day with morning rain.
uddevalla,8/22/2023,79.5,0,0,,1015.5,79.5,0,0,,1015.5,Partially cloudy,Clearing in the afternoon.
uddevalla,8/23/2023,84.8,0,0,rain,1014.1,84.8,0,0,rain,1014.1,Partially cloudy,Partly cloudy throughout the day.
uddevalla,8/24/2023,77.7,0.116,4.17,rain,1012.9,77.7,0.116,4.17,rain,1012.9,"Rain, Partially cloudy",Partly cloudy throughout the day with morning rain.
uddevalla,8/25/2023,94.5,1.753,4.17,rain,1008.6,94.5,1.753,4.17,rain,1008.6,"Rain, Overcast",Cloudy skies throughout the day with morning rain.
uddevalla,8/26/2023,95.2,5.08,4.17,rain,1006.2,95.2,5.08,4.17,rain,1006.2,"Rain, Overcast",Cloudy skies throughout the day with morning rain.
uddevalla,8/27/2023,78.2,19.746,4.17,rain,1005.9,78.2,19.746,4.17,rain,1005.9,"Rain, Partially cloudy",Partly cloudy throughout the day with morning rain.
uddevalla,8/28/2023,84,0.349,4.17,rain,1005.6,84,0.349,4.17,rain,1005.6,"Rain, Partially cloudy",Partly cloudy throughout the day with morning rain.
uddevalla,8/29/2023,81.8,1.202,4.17,rain,1008.1,81.8,1.202,4.17,rain,1008.1,"Rain, Partially cloudy",Partly cloudy throughout the day with morning rain.
uddevalla,8/30/2023,85.1,0.533,4.17,rain,1006.3,85.1,0.533,4.17,rain,1006.3,"Rain, Partially cloudy",Partly cloudy throughout the day with morning rain.
uddevalla,8/31/2023,87.7,2.767,4.17,rain,1005.8,87.7,2.767,4.17,rain,1005.8,"Rain, Partially cloudy",Partly cloudy throughout the day with morning rain.
uddevalla,9/1/2023,82.5,1.845,4.17,rain,1007.9,82.5,1.845,4.17,rain,1007.9,"Rain, Partially cloudy",Partly cloudy throughout the day with morning rain.
uddevalla,9/2/2023,84.5,0.098,4.17,rain,1014.1,84.5,0.098,4.17,rain,1014.1,"Rain, Partially cloudy",Clearing in the afternoon with morning rain.
uddevalla,9/3/2023,85.8,0.104,4.17,rain,1019.3,85.8,0.104,4.17,rain,1019.3,"Rain, Partially cloudy",Partly cloudy throughout the day with morning rain.
uddevalla,9/4/2023,79,0,0,,1021.4,79,0,0,,1021.4,Partially cloudy,Clearing in the afternoon.
uddevalla,9/5/2023,83.2,0,0,,1019.3,83.2,0,0,,1019.3,Partially cloudy,Partly cloudy throughout the day.
uddevalla,9/6/2023,90.9,0,0,,1024.3,90.9,0,0,,1024.3,Partially cloudy,Partly cloudy throughout the day.
uddevalla,9/7/2023,87.5,0,0,,1026.6,87.5,0,0,,1026.6,Partially cloudy,Partly cloudy throughout the day.
uddevalla,9/8/2023,90,0,0,,1022.4,90,0,0,,1022.4,Partially cloudy,Partly cloudy throughout the day.
uddevalla,9/9/2023,83.2,0,0,,1017.5,83.2,0,0,,1017.5,Partially cloudy,Clearing in the afternoon.
uddevalla,9/10/2023,92.4,0,0,,1015.7,92.4,0,0,,1015.7,Partially cloudy,Partly cloudy throughout the day.
uddevalla,9/11/2023,89.4,0,0,rain,1012.5,89.4,0,0,rain,1012.5,Partially cloudy,Partly cloudy throughout the day.
uddevalla,9/12/2023,83.5,0,0,rain,1009.2,83.5,0,0,rain,1009.2,Partially cloudy,Partly cloudy throughout the day.
uddevalla,9/13/2023,81.2,0,0,,1013.7,81.2,0,0,,1013.7,Partially cloudy,Partly cloudy throughout the day.
uddevalla,9/14/2023,84.3,0.1,4.17,rain,1019.9,84.3,0.1,4.17,rain,1019.9,"Rain, Partially cloudy",Partly cloudy throughout the day with afternoon rain.
uddevalla,9/15/2023,88,0,0,rain,1021,88,0,0,rain,1021,Partially cloudy,Partly cloudy throughout the day.
uddevalla,9/16/2023,87,0,0,rain,1018.7,87,0,0,rain,1018.7,Partially cloudy,Partly cloudy throughout the day.
uddevalla,9/17/2023,81.2,0,0,,1019.2,81.2,0,0,,1019.2,Partially cloudy,Partly cloudy throughout the day.
uddevalla,9/18/2023,81.9,0,0,rain,1009.7,81.9,0,0,rain,1009.7,Partially cloudy,Partly cloudy throughout the day.
uddevalla,9/19/2023,89.5,6.6,25,rain,994.5,89.5,6.6,25,rain,994.5,"Rain, Partially cloudy",Partly cloudy throughout the day with rain.
uddevalla,9/20/2023,92.3,0.3,8.33,rain,997.4,92.3,0.3,8.33,rain,997.4,"Rain, Overcast",Cloudy skies throughout the day with early morning rain.
uddevalla,9/21/2023,78.6,0,0,rain,999.3,78.6,0,0,rain,999.3,Partially cloudy,Partly cloudy throughout the day.
uddevalla,9/22/2023,90,0,0,rain,996.7,90,0,0,rain,996.7,Partially cloudy,Partly cloudy throughout the day.
uddevalla,9/23/2023,91.1,0,0,rain,1004.9,91.1,0,0,rain,1004.9,Partially cloudy,Partly cloudy throughout the day.
uddevalla,9/24/2023,76.4,0,0,rain,1018.2,76.4,0,0,rain,1018.2,Partially cloudy,Partly cloudy throughout the day.
uddevalla,9/25/2023,81.7,0,0,,1021.8,81.7,0,0,,1021.8,Partially cloudy,Partly cloudy throughout the day.
uddevalla,9/26/2023,86.8,0,0,rain,1022.7,86.8,0,0,rain,1022.7,Partially cloudy,Partly cloudy throughout the day.
uddevalla,9/27/2023,90.8,0,0,rain,1018.8,90.8,0,0,rain,1018.8,Partially cloudy,Partly cloudy throughout the day.
uddevalla,9/28/2023,89.9,0,0,rain,1014.4,89.9,0,0,rain,1014.4,Partially cloudy,Partly cloudy throughout the day.
uddevalla,9/29/2023,90.5,3.3,16.67,rain,1010.6,90.5,3.3,16.67,rain,1010.6,"Rain, Overcast",Cloudy skies throughout the day with rain.
uddevalla,9/30/2023,78.2,0,0,rain,1011.3,78.2,0,0,rain,1011.3,Partially cloudy,Partly cloudy throughout the day.
uddevalla,10/1/2023,83.3,0,0,,1015.7,83.3,0,0,,1015.7,Partially cloudy,Partly cloudy throughout the day.
uddevalla,10/2/2023,88.4,0.2,8.33,rain,1013.1,88.4,0.2,8.33,rain,1013.1,"Rain, Overcast",Cloudy skies throughout the day with rain clearing later.
uddevalla,10/3/2023,87.9,6.4,33.33,rain,1004.4,87.9,6.4,33.33,rain,1004.4,Overcast,Cloudy skies throughout the day.
uddevalla,10/4/2023,77.8,0,0,rain,1005.8,77.8,0,0,rain,1005.8,"Rain, Partially cloudy",Partly cloudy throughout the day with a chance of rain.
uddevalla,10/5/2023,83.6,0.2,8.33,rain,1011.9,83.6,0.2,8.33,rain,1011.9,"Rain, Partially cloudy",Clearing in the afternoon with a chance of rain.
uddevalla,10/6/2023,91.6,8.9,29.17,rain,1011.2,91.6,8.9,29.17,rain,1011.2,"Rain, Overcast",Cloudy skies throughout the day with late afternoon rain.
uddevalla,10/7/2023,94.2,6.9,25,rain,1008.9,94.2,6.9,25,rain,1008.9,"Rain, Overcast",Cloudy skies throughout the day with early morning rain.
uddevalla,10/8/2023,97.5,3.4,25,rain,1011.6,97.5,3.4,25,rain,1011.6,Overcast,Cloudy skies throughout the day.
uddevalla,10/9/2023,82.7,0.1,4.17,rain,1007.3,82.7,0.1,4.17,rain,1007.3,Partially cloudy,Partly cloudy throughout the day.
uddevalla,10/10/2023,80,9.9,25,rain,1002.5,80,9.9,25,rain,1002.5,Overcast,Cloudy skies throughout the day.
uddevalla,10/11/2023,77.8,4.4,25,rain,999,77.8,4.4,25,rain,999,Partially cloudy,Partly cloudy throughout the day.
uddevalla,10/12/2023,76.2,0,0,,1002.7,76.2,0,0,,1002.7,Overcast,Cloudy skies throughout the day.
uddevalla,10/13/2023,71,0,0,,1009.5,71,0,0,,1009.5,Clear,Clear conditions throughout the day.
uddevalla,10/14/2023,78,1.8,16.67,rain,1007.9,78,1.8,16.67,rain,1007.9,Partially cloudy,Partly cloudy throughout the day.
uddevalla,10/15/2023,88.8,13.9,33.33,rain,995.1,88.8,13.9,33.33,rain,995.1,"Rain, Overcast",Cloudy skies throughout the day with late afternoon rain.
uddevalla,10/16/2023,87.1,0.2,4.17,rain,991.7,87.1,0.2,4.17,rain,991.7,"Rain, Partially cloudy",Partly cloudy throughout the day with a chance of rain.
uddevalla,10/17/2023,87.8,2.3,6,,1013.6,87.8,2.3,6,,1013.6,Partially cloudy,
uddevalla,10/18/2023,85.2,3.2,12,,1012.8,85.2,3.2,12,,1012.8,Partially cloudy,
uddevalla,10/19/2023,85.1,2.6,8,,1013,85.1,2.6,8,,1013,Partially cloudy,
uddevalla,10/20/2023,88.3,2.4,8,,1010.5,88.3,2.4,8,,1010.5,Partially cloudy,
uddevalla,10/21/2023,88.5,3.1,20,,1010.8,88.5,3.1,20,,1010.8,"Rain, Partially cloudy",
uddevalla,10/22/2023,87,4.5,12,,1010.5,87,4.5,12,,1010.5,Partially cloudy,
uddevalla,10/23/2023,86.4,4.3,6,,1011.5,86.4,4.3,6,,1011.5,Partially cloudy,
uddevalla,10/24/2023,86.8,3,8,,1011.2,86.8,3,8,,1011.2,Partially cloudy,
uddevalla,10/25/2023,86,4.4,8,,1008.2,86,4.4,8,,1008.2,Partially cloudy,
uddevalla,10/26/2023,85.8,4.7,12,,1009.4,85.8,4.7,12,,1009.4,Partially cloudy,
uddevalla,10/27/2023,87.8,3.6,12,,1008.2,87.8,3.6,12,,1008.2,Partially cloudy,
uddevalla,10/28/2023,85.5,2.5,2,,1009.3,85.5,2.5,2,,1009.3,Partially cloudy,
uddevalla,10/29/2023,85.3,1.7,4,,1010.8,85.3,1.7,4,,1010.8,Partially cloudy,
uddevalla,10/30/2023,86.7,1.4,4,,1012.5,86.7,1.4,4,,1012.5,Partially cloudy,
uddevalla,10/31/2023,88.7,2.7,8,,1010.9,88.7,2.7,8,,1010.9,Partially cloudy,
